{
    "50 mil": 4.45930,
    "100 mil": 18.11303,
    "200 mil": 73.33083
} 