{
    "50 mil": 0.00840,
    "100 mil": 0.01450,
    "200 mil": 0.02753
}