{
    "50 mil": 0.00730,
    "100 mil": 0.01073,
    "200 mil": 0.02147
}